{
  "v": "5.1.6",
  "fr": 30,
  "ip": 30,
  "op": 215,
  "w": 622,
  "h": 500,
  "nm": "7 - Scan Document",
  "ddd": 1,
  "assets": [],
  "layers": [
    {
      "ddd": 0,
      "ind": 1,
      "ty": 4,
      "nm": "7 - Scan Document Outlines",
      "sr": 1,
      "ks": {
        "o": {
          "a": 0,
          "k": 100,
          "ix": 11
        },
        "r": {
          "a": 0,
          "k": 0,
          "ix": 10
        },
        "p": {
          "a": 1,
          "k": [
            {
              "i": {
                "x": 0.833,
                "y": 0.833
              },
              "o": {
                "x": 0.167,
                "y": 0.167
              },
              "n": "0p833_0p833_0p167_0p167",
              "t": 140,
              "s": [
                311,
                250,
                0
              ],
              "e": [
                311,
                250,
                0
              ],
              "to": [
                0,
                0,
                0
              ],
              "ti": [
                0,
                0,
                0
              ]
            },
            {
              "t": 145
            }
          ],
          "ix": 2
        },
        "a": {
          "a": 0,
          "k": [
            356,
            640,
            0
          ],
          "ix": 1
        },
        "s": {
          "a": 0,
          "k": [
            100,
            100,
            100
          ],
          "ix": 6
        }
      },
      "ao": 0,
      "shapes": [
        {
          "ty": "gr",
          "it": [
            {
              "ind": 0,
              "ty": "sh",
              "ix": 1,
              "ks": {
                "a": 0,
                "k": {
                  "i": [
                    [
                      0,
                      0
                    ],
                    [
                      0,
                      0
                    ],
                    [
                      0,
                      0
                    ]
                  ],
                  "o": [
                    [
                      0,
                      0
                    ],
                    [
                      0,
                      0
                    ],
                    [
                      0,
                      0
                    ]
                  ],
                  "v": [
                    [
                      -40,
                      -40
                    ],
                    [
                      40,
                      -40
                    ],
                    [
                      40,
                      40
                    ]
                  ],
                  "c": false
                },
                "ix": 2
              },
              "nm": "Path 1",
              "mn": "ADBE Vector Shape - Group",
              "hd": false
            },
            {
              "ty": "st",
              "c": {
                "a": 0,
                "k": [
                  0.882000014361,
                  0.882000014361,
                  0.882000014361,
                  1
                ],
                "ix": 3
              },
              "o": {
                "a": 0,
                "k": 100,
                "ix": 4
              },
              "w": {
                "a": 1,
                "k": [
                  {
                    "i": {
                      "x": [
                        0.667
                      ],
                      "y": [
                        1
                      ]
                    },
                    "o": {
                      "x": [
                        0.333
                      ],
                      "y": [
                        0
                      ]
                    },
                    "n": [
                      "0p667_1_0p333_0"
                    ],
                    "t": 135,
                    "s": [
                      6.223
                    ],
                    "e": [
                      20
                    ]
                  },
                  {
                    "i": {
                      "x": [
                        0.667
                      ],
                      "y": [
                        1
                      ]
                    },
                    "o": {
                      "x": [
                        0.333
                      ],
                      "y": [
                        0
                      ]
                    },
                    "n": [
                      "0p667_1_0p333_0"
                    ],
                    "t": 140,
                    "s": [
                      20
                    ],
                    "e": [
                      20
                    ]
                  },
                  {
                    "i": {
                      "x": [
                        0.667
                      ],
                      "y": [
                        1
                      ]
                    },
                    "o": {
                      "x": [
                        0.333
                      ],
                      "y": [
                        0
                      ]
                    },
                    "n": [
                      "0p667_1_0p333_0"
                    ],
                    "t": 210,
                    "s": [
                      20
                    ],
                    "e": [
                      6.223
                    ]
                  },
                  {
                    "t": 215
                  }
                ],
                "ix": 5
              },
              "lc": 2,
              "lj": 2,
              "nm": "Stroke 1",
              "mn": "ADBE Vector Graphic - Stroke",
              "hd": false
            },
            {
              "ty": "tr",
              "p": {
                "a": 0,
                "k": [
                  615,
                  469.495
                ],
                "ix": 2
              },
              "a": {
                "a": 0,
                "k": [
                  0,
                  0
                ],
                "ix": 1
              },
              "s": {
                "a": 0,
                "k": [
                  100,
                  100
                ],
                "ix": 3
              },
              "r": {
                "a": 0,
                "k": 0,
                "ix": 6
              },
              "o": {
                "a": 0,
                "k": 100,
                "ix": 7
              },
              "sk": {
                "a": 0,
                "k": 0,
                "ix": 4
              },
              "sa": {
                "a": 0,
                "k": 0,
                "ix": 5
              },
              "nm": "Transform"
            }
          ],
          "nm": "Group 1",
          "np": 2,
          "cix": 2,
          "ix": 1,
          "mn": "ADBE Vector Group",
          "hd": false
        },
        {
          "ty": "gr",
          "it": [
            {
              "ind": 0,
              "ty": "sh",
              "ix": 1,
              "ks": {
                "a": 0,
                "k": {
                  "i": [
                    [
                      0,
                      0
                    ],
                    [
                      0,
                      0
                    ],
                    [
                      0,
                      0
                    ]
                  ],
                  "o": [
                    [
                      0,
                      0
                    ],
                    [
                      0,
                      0
                    ],
                    [
                      0,
                      0
                    ]
                  ],
                  "v": [
                    [
                      40,
                      -40
                    ],
                    [
                      40,
                      40
                    ],
                    [
                      -40,
                      40
                    ]
                  ],
                  "c": false
                },
                "ix": 2
              },
              "nm": "Path 1",
              "mn": "ADBE Vector Shape - Group",
              "hd": false
            },
            {
              "ty": "st",
              "c": {
                "a": 0,
                "k": [
                  0.882000014361,
                  0.882000014361,
                  0.882000014361,
                  1
                ],
                "ix": 3
              },
              "o": {
                "a": 0,
                "k": 100,
                "ix": 4
              },
              "w": {
                "a": 1,
                "k": [
                  {
                    "i": {
                      "x": [
                        0.667
                      ],
                      "y": [
                        1
                      ]
                    },
                    "o": {
                      "x": [
                        0.333
                      ],
                      "y": [
                        0
                      ]
                    },
                    "n": [
                      "0p667_1_0p333_0"
                    ],
                    "t": 135,
                    "s": [
                      6.223
                    ],
                    "e": [
                      20
                    ]
                  },
                  {
                    "i": {
                      "x": [
                        0.667
                      ],
                      "y": [
                        1
                      ]
                    },
                    "o": {
                      "x": [
                        0.333
                      ],
                      "y": [
                        0
                      ]
                    },
                    "n": [
                      "0p667_1_0p333_0"
                    ],
                    "t": 140,
                    "s": [
                      20
                    ],
                    "e": [
                      20
                    ]
                  },
                  {
                    "i": {
                      "x": [
                        0.667
                      ],
                      "y": [
                        1
                      ]
                    },
                    "o": {
                      "x": [
                        0.333
                      ],
                      "y": [
                        0
                      ]
                    },
                    "n": [
                      "0p667_1_0p333_0"
                    ],
                    "t": 210,
                    "s": [
                      20
                    ],
                    "e": [
                      6.223
                    ]
                  },
                  {
                    "t": 215
                  }
                ],
                "ix": 5
              },
              "lc": 2,
              "lj": 2,
              "nm": "Stroke 1",
              "mn": "ADBE Vector Graphic - Stroke",
              "hd": false
            },
            {
              "ty": "tr",
              "p": {
                "a": 0,
                "k": [
                  615,
                  810.505
                ],
                "ix": 2
              },
              "a": {
                "a": 0,
                "k": [
                  0,
                  0
                ],
                "ix": 1
              },
              "s": {
                "a": 0,
                "k": [
                  100,
                  100
                ],
                "ix": 3
              },
              "r": {
                "a": 0,
                "k": 0,
                "ix": 6
              },
              "o": {
                "a": 0,
                "k": 100,
                "ix": 7
              },
              "sk": {
                "a": 0,
                "k": 0,
                "ix": 4
              },
              "sa": {
                "a": 0,
                "k": 0,
                "ix": 5
              },
              "nm": "Transform"
            }
          ],
          "nm": "Group 2",
          "np": 2,
          "cix": 2,
          "ix": 2,
          "mn": "ADBE Vector Group",
          "hd": false
        },
        {
          "ty": "gr",
          "it": [
            {
              "ind": 0,
              "ty": "sh",
              "ix": 1,
              "ks": {
                "a": 0,
                "k": {
                  "i": [
                    [
                      0,
                      0
                    ],
                    [
                      0,
                      0
                    ],
                    [
                      0,
                      0
                    ]
                  ],
                  "o": [
                    [
                      0,
                      0
                    ],
                    [
                      0,
                      0
                    ],
                    [
                      0,
                      0
                    ]
                  ],
                  "v": [
                    [
                      40,
                      40
                    ],
                    [
                      -40,
                      40
                    ],
                    [
                      -40,
                      -40
                    ]
                  ],
                  "c": false
                },
                "ix": 2
              },
              "nm": "Path 1",
              "mn": "ADBE Vector Shape - Group",
              "hd": false
            },
            {
              "ty": "st",
              "c": {
                "a": 0,
                "k": [
                  0.882000014361,
                  0.882000014361,
                  0.882000014361,
                  1
                ],
                "ix": 3
              },
              "o": {
                "a": 0,
                "k": 100,
                "ix": 4
              },
              "w": {
                "a": 1,
                "k": [
                  {
                    "i": {
                      "x": [
                        0.667
                      ],
                      "y": [
                        1
                      ]
                    },
                    "o": {
                      "x": [
                        0.333
                      ],
                      "y": [
                        0
                      ]
                    },
                    "n": [
                      "0p667_1_0p333_0"
                    ],
                    "t": 135,
                    "s": [
                      6.223
                    ],
                    "e": [
                      20
                    ]
                  },
                  {
                    "i": {
                      "x": [
                        0.667
                      ],
                      "y": [
                        1
                      ]
                    },
                    "o": {
                      "x": [
                        0.333
                      ],
                      "y": [
                        0
                      ]
                    },
                    "n": [
                      "0p667_1_0p333_0"
                    ],
                    "t": 140,
                    "s": [
                      20
                    ],
                    "e": [
                      20
                    ]
                  },
                  {
                    "i": {
                      "x": [
                        0.667
                      ],
                      "y": [
                        1
                      ]
                    },
                    "o": {
                      "x": [
                        0.333
                      ],
                      "y": [
                        0
                      ]
                    },
                    "n": [
                      "0p667_1_0p333_0"
                    ],
                    "t": 210,
                    "s": [
                      20
                    ],
                    "e": [
                      6.223
                    ]
                  },
                  {
                    "t": 215
                  }
                ],
                "ix": 5
              },
              "lc": 2,
              "lj": 2,
              "nm": "Stroke 1",
              "mn": "ADBE Vector Graphic - Stroke",
              "hd": false
            },
            {
              "ty": "tr",
              "p": {
                "a": 0,
                "k": [
                  95,
                  810.505
                ],
                "ix": 2
              },
              "a": {
                "a": 0,
                "k": [
                  0,
                  0
                ],
                "ix": 1
              },
              "s": {
                "a": 0,
                "k": [
                  100,
                  100
                ],
                "ix": 3
              },
              "r": {
                "a": 0,
                "k": 0,
                "ix": 6
              },
              "o": {
                "a": 0,
                "k": 100,
                "ix": 7
              },
              "sk": {
                "a": 0,
                "k": 0,
                "ix": 4
              },
              "sa": {
                "a": 0,
                "k": 0,
                "ix": 5
              },
              "nm": "Transform"
            }
          ],
          "nm": "Group 3",
          "np": 2,
          "cix": 2,
          "ix": 3,
          "mn": "ADBE Vector Group",
          "hd": false
        },
        {
          "ty": "gr",
          "it": [
            {
              "ind": 0,
              "ty": "sh",
              "ix": 1,
              "ks": {
                "a": 0,
                "k": {
                  "i": [
                    [
                      0,
                      0
                    ],
                    [
                      0,
                      0
                    ],
                    [
                      0,
                      0
                    ]
                  ],
                  "o": [
                    [
                      0,
                      0
                    ],
                    [
                      0,
                      0
                    ],
                    [
                      0,
                      0
                    ]
                  ],
                  "v": [
                    [
                      -40,
                      40
                    ],
                    [
                      -40,
                      -40
                    ],
                    [
                      40,
                      -40
                    ]
                  ],
                  "c": false
                },
                "ix": 2
              },
              "nm": "Path 1",
              "mn": "ADBE Vector Shape - Group",
              "hd": false
            },
            {
              "ty": "st",
              "c": {
                "a": 0,
                "k": [
                  0.882000014361,
                  0.882000014361,
                  0.882000014361,
                  1
                ],
                "ix": 3
              },
              "o": {
                "a": 0,
                "k": 100,
                "ix": 4
              },
              "w": {
                "a": 1,
                "k": [
                  {
                    "i": {
                      "x": [
                        0.667
                      ],
                      "y": [
                        1
                      ]
                    },
                    "o": {
                      "x": [
                        0.333
                      ],
                      "y": [
                        0
                      ]
                    },
                    "n": [
                      "0p667_1_0p333_0"
                    ],
                    "t": 135,
                    "s": [
                      6.223
                    ],
                    "e": [
                      20
                    ]
                  },
                  {
                    "i": {
                      "x": [
                        0.667
                      ],
                      "y": [
                        1
                      ]
                    },
                    "o": {
                      "x": [
                        0.333
                      ],
                      "y": [
                        0
                      ]
                    },
                    "n": [
                      "0p667_1_0p333_0"
                    ],
                    "t": 140,
                    "s": [
                      20
                    ],
                    "e": [
                      20
                    ]
                  },
                  {
                    "i": {
                      "x": [
                        0.667
                      ],
                      "y": [
                        1
                      ]
                    },
                    "o": {
                      "x": [
                        0.333
                      ],
                      "y": [
                        0
                      ]
                    },
                    "n": [
                      "0p667_1_0p333_0"
                    ],
                    "t": 210,
                    "s": [
                      20
                    ],
                    "e": [
                      6.223
                    ]
                  },
                  {
                    "t": 215
                  }
                ],
                "ix": 5
              },
              "lc": 2,
              "lj": 2,
              "nm": "Stroke 1",
              "mn": "ADBE Vector Graphic - Stroke",
              "hd": false
            },
            {
              "ty": "tr",
              "p": {
                "a": 0,
                "k": [
                  95,
                  469.495
                ],
                "ix": 2
              },
              "a": {
                "a": 0,
                "k": [
                  0,
                  0
                ],
                "ix": 1
              },
              "s": {
                "a": 0,
                "k": [
                  100,
                  100
                ],
                "ix": 3
              },
              "r": {
                "a": 0,
                "k": 0,
                "ix": 6
              },
              "o": {
                "a": 0,
                "k": 100,
                "ix": 7
              },
              "sk": {
                "a": 0,
                "k": 0,
                "ix": 4
              },
              "sa": {
                "a": 0,
                "k": 0,
                "ix": 5
              },
              "nm": "Transform"
            }
          ],
          "nm": "Group 4",
          "np": 2,
          "cix": 2,
          "ix": 4,
          "mn": "ADBE Vector Group",
          "hd": false
        }
      ],
      "ip": 0,
      "op": 300,
      "st": 0,
      "bm": 0
    },
    {
      "ddd": 0,
      "ind": 2,
      "ty": 4,
      "nm": "Shape Layer 1",
      "sr": 1,
      "ks": {
        "o": {
          "a": 0,
          "k": 100,
          "ix": 11
        },
        "r": {
          "a": 0,
          "k": 0,
          "ix": 10
        },
        "p": {
          "a": 0,
          "k": [
            311,
            250,
            0
          ],
          "ix": 2
        },
        "a": {
          "a": 0,
          "k": [
            0,
            0,
            0
          ],
          "ix": 1
        },
        "s": {
          "a": 0,
          "k": [
            100,
            100,
            100
          ],
          "ix": 6
        }
      },
      "ao": 0,
      "shapes": [
        {
          "ty": "gr",
          "it": [
            {
              "ty": "rc",
              "d": 1,
              "s": {
                "a": 0,
                "k": [
                  620,
                  441
                ],
                "ix": 2
              },
              "p": {
                "a": 0,
                "k": [
                  0,
                  0
                ],
                "ix": 3
              },
              "r": {
                "a": 0,
                "k": 32,
                "ix": 4
              },
              "nm": "Rectangle Path 1",
              "mn": "ADBE Vector Shape - Rect",
              "hd": false
            },
            {
              "ty": "fl",
              "c": {
                "a": 0,
                "k": [
                  1,
                  1,
                  1,
                  1
                ],
                "ix": 4
              },
              "o": {
                "a": 1,
                "k": [
                  {
                    "i": {
                      "x": [
                        0.667
                      ],
                      "y": [
                        1
                      ]
                    },
                    "o": {
                      "x": [
                        0.333
                      ],
                      "y": [
                        0
                      ]
                    },
                    "n": [
                      "0p667_1_0p333_0"
                    ],
                    "t": 145,
                    "s": [
                      0
                    ],
                    "e": [
                      100
                    ]
                  },
                  {
                    "i": {
                      "x": [
                        0.667
                      ],
                      "y": [
                        1
                      ]
                    },
                    "o": {
                      "x": [
                        0.333
                      ],
                      "y": [
                        0
                      ]
                    },
                    "n": [
                      "0p667_1_0p333_0"
                    ],
                    "t": 150,
                    "s": [
                      100
                    ],
                    "e": [
                      0
                    ]
                  },
                  {
                    "t": 160
                  }
                ],
                "ix": 5
              },
              "r": 1,
              "nm": "Fill 1",
              "mn": "ADBE Vector Graphic - Fill",
              "hd": false
            },
            {
              "ty": "tr",
              "p": {
                "a": 0,
                "k": [
                  -1,
                  0
                ],
                "ix": 2
              },
              "a": {
                "a": 0,
                "k": [
                  0,
                  0
                ],
                "ix": 1
              },
              "s": {
                "a": 0,
                "k": [
                  100,
                  100
                ],
                "ix": 3
              },
              "r": {
                "a": 0,
                "k": 0,
                "ix": 6
              },
              "o": {
                "a": 0,
                "k": 100,
                "ix": 7
              },
              "sk": {
                "a": 0,
                "k": 0,
                "ix": 4
              },
              "sa": {
                "a": 0,
                "k": 0,
                "ix": 5
              },
              "nm": "Transform"
            }
          ],
          "nm": "Rectangle 1",
          "np": 3,
          "cix": 2,
          "ix": 1,
          "mn": "ADBE Vector Group",
          "hd": false
        }
      ],
      "ip": 0,
      "op": 300,
      "st": 0,
      "bm": 0
    },
    {
      "ddd": 1,
      "ind": 3,
      "ty": 4,
      "nm": "7 - Scan Document Outlines 2",
      "sr": 1,
      "ks": {
        "o": {
          "a": 0,
          "k": 100,
          "ix": 11
        },
        "rx": {
          "a": 1,
          "k": [
            {
              "i": {
                "x": [
                  0.667
                ],
                "y": [
                  1
                ]
              },
              "o": {
                "x": [
                  0.167
                ],
                "y": [
                  0.167
                ]
              },
              "n": [
                "0p667_1_0p167_0p167"
              ],
              "t": 0,
              "s": [
                -60
              ],
              "e": [
                0
              ]
            },
            {
              "i": {
                "x": [
                  0.667
                ],
                "y": [
                  1
                ]
              },
              "o": {
                "x": [
                  0.167
                ],
                "y": [
                  0
                ]
              },
              "n": [
                "0p667_1_0p167_0"
              ],
              "t": 30,
              "s": [
                0
              ],
              "e": [
                0
              ]
            },
            {
              "i": {
                "x": [
                  0.833
                ],
                "y": [
                  1
                ]
              },
              "o": {
                "x": [
                  0.333
                ],
                "y": [
                  0
                ]
              },
              "n": [
                "0p833_1_0p333_0"
              ],
              "t": 45,
              "s": [
                0
              ],
              "e": [
                0
              ]
            },
            {
              "i": {
                "x": [
                  0.833
                ],
                "y": [
                  1
                ]
              },
              "o": {
                "x": [
                  0.167
                ],
                "y": [
                  0
                ]
              },
              "n": [
                "0p833_1_0p167_0"
              ],
              "t": 195,
              "s": [
                0
              ],
              "e": [
                0
              ]
            },
            {
              "t": 215
            }
          ],
          "ix": 8
        },
        "ry": {
          "a": 1,
          "k": [
            {
              "i": {
                "x": [
                  0.667
                ],
                "y": [
                  1
                ]
              },
              "o": {
                "x": [
                  0.167
                ],
                "y": [
                  0
                ]
              },
              "n": [
                "0p667_1_0p167_0"
              ],
              "t": 0,
              "s": [
                0
              ],
              "e": [
                0
              ]
            },
            {
              "i": {
                "x": [
                  0.667
                ],
                "y": [
                  1
                ]
              },
              "o": {
                "x": [
                  0.167
                ],
                "y": [
                  0
                ]
              },
              "n": [
                "0p667_1_0p167_0"
              ],
              "t": 30,
              "s": [
                0
              ],
              "e": [
                0
              ]
            },
            {
              "i": {
                "x": [
                  0.833
                ],
                "y": [
                  1
                ]
              },
              "o": {
                "x": [
                  0.333
                ],
                "y": [
                  0
                ]
              },
              "n": [
                "0p833_1_0p333_0"
              ],
              "t": 45,
              "s": [
                0
              ],
              "e": [
                0
              ]
            },
            {
              "t": 195
            }
          ],
          "ix": 9
        },
        "rz": {
          "a": 1,
          "k": [
            {
              "i": {
                "x": [
                  0.667
                ],
                "y": [
                  1
                ]
              },
              "o": {
                "x": [
                  0.167
                ],
                "y": [
                  0.167
                ]
              },
              "n": [
                "0p667_1_0p167_0p167"
              ],
              "t": 0,
              "s": [
                0
              ],
              "e": [
                -5
              ]
            },
            {
              "i": {
                "x": [
                  0.667
                ],
                "y": [
                  1
                ]
              },
              "o": {
                "x": [
                  0.167
                ],
                "y": [
                  0
                ]
              },
              "n": [
                "0p667_1_0p167_0"
              ],
              "t": 30,
              "s": [
                -5
              ],
              "e": [
                -5
              ]
            },
            {
              "i": {
                "x": [
                  0.833
                ],
                "y": [
                  1
                ]
              },
              "o": {
                "x": [
                  0.333
                ],
                "y": [
                  0
                ]
              },
              "n": [
                "0p833_1_0p333_0"
              ],
              "t": 45,
              "s": [
                -5
              ],
              "e": [
                5
              ]
            },
            {
              "i": {
                "x": [
                  0.833
                ],
                "y": [
                  1
                ]
              },
              "o": {
                "x": [
                  0.167
                ],
                "y": [
                  0
                ]
              },
              "n": [
                "0p833_1_0p167_0"
              ],
              "t": 75,
              "s": [
                5
              ],
              "e": [
                5
              ]
            },
            {
              "i": {
                "x": [
                  0.833
                ],
                "y": [
                  1
                ]
              },
              "o": {
                "x": [
                  0.167
                ],
                "y": [
                  0
                ]
              },
              "n": [
                "0p833_1_0p167_0"
              ],
              "t": 90,
              "s": [
                5
              ],
              "e": [
                0
              ]
            },
            {
              "i": {
                "x": [
                  0.833
                ],
                "y": [
                  1
                ]
              },
              "o": {
                "x": [
                  0.167
                ],
                "y": [
                  0
                ]
              },
              "n": [
                "0p833_1_0p167_0"
              ],
              "t": 120,
              "s": [
                0
              ],
              "e": [
                0
              ]
            },
            {
              "i": {
                "x": [
                  0.833
                ],
                "y": [
                  1
                ]
              },
              "o": {
                "x": [
                  0.167
                ],
                "y": [
                  0
                ]
              },
              "n": [
                "0p833_1_0p167_0"
              ],
              "t": 195,
              "s": [
                0
              ],
              "e": [
                -5
              ]
            },
            {
              "t": 215
            }
          ],
          "ix": 10
        },
        "or": {
          "a": 1,
          "k": [
            {
              "i": {
                "x": 0,
                "y": 0
              },
              "o": {
                "x": 0,
                "y": 0
              },
              "n": "0_0_0_0",
              "t": 195,
              "s": [
                0,
                0,
                0
              ],
              "e": [
                0,
                0,
                0
              ],
              "to": [
                0,
                null,
                0
              ],
              "ti": [
                0,
                0,
                0
              ]
            },
            {
              "t": 215
            }
          ],
          "ix": 7
        },
        "p": {
          "a": 1,
          "k": [
            {
              "i": {
                "x": 0.667,
                "y": 1
              },
              "o": {
                "x": 0.167,
                "y": 0.167
              },
              "n": "0p667_1_0p167_0p167",
              "t": 0,
              "s": [
                311,
                250,
                0
              ],
              "e": [
                181,
                250,
                0
              ],
              "to": [
                -21.6666660308838,
                0,
                0
              ],
              "ti": [
                21.6666660308838,
                0,
                0
              ]
            },
            {
              "i": {
                "x": 0.667,
                "y": 0.667
              },
              "o": {
                "x": 0.167,
                "y": 0.167
              },
              "n": "0p667_0p667_0p167_0p167",
              "t": 30,
              "s": [
                181,
                250,
                0
              ],
              "e": [
                181,
                250,
                0
              ],
              "to": [
                0,
                0,
                0
              ],
              "ti": [
                0,
                0,
                0
              ]
            },
            {
              "i": {
                "x": 0.667,
                "y": 1
              },
              "o": {
                "x": 0.333,
                "y": 0
              },
              "n": "0p667_1_0p333_0",
              "t": 45,
              "s": [
                181,
                250,
                0
              ],
              "e": [
                481,
                250,
                0
              ],
              "to": [
                50,
                0,
                0
              ],
              "ti": [
                -50,
                0,
                0
              ]
            },
            {
              "i": {
                "x": 0.667,
                "y": 0.667
              },
              "o": {
                "x": 0.333,
                "y": 0.333
              },
              "n": "0p667_0p667_0p333_0p333",
              "t": 75,
              "s": [
                481,
                250,
                0
              ],
              "e": [
                481,
                250,
                0
              ],
              "to": [
                0,
                0,
                0
              ],
              "ti": [
                0,
                0,
                0
              ]
            },
            {
              "i": {
                "x": 0.667,
                "y": 1
              },
              "o": {
                "x": 0.333,
                "y": 0
              },
              "n": "0p667_1_0p333_0",
              "t": 90,
              "s": [
                481,
                250,
                0
              ],
              "e": [
                311,
                250,
                0
              ],
              "to": [
                -28.3333339691162,
                0,
                0
              ],
              "ti": [
                28.3333339691162,
                0,
                0
              ]
            },
            {
              "i": {
                "x": 0.667,
                "y": 0.667
              },
              "o": {
                "x": 0.333,
                "y": 0.333
              },
              "n": "0p667_0p667_0p333_0p333",
              "t": 120,
              "s": [
                311,
                250,
                0
              ],
              "e": [
                311,
                250,
                0
              ],
              "to": [
                0,
                0,
                0
              ],
              "ti": [
                0,
                0,
                0
              ]
            },
            {
              "i": {
                "x": 0.667,
                "y": 0.667
              },
              "o": {
                "x": 0.333,
                "y": 0.333
              },
              "n": "0p667_0p667_0p333_0p333",
              "t": 145,
              "s": [
                311,
                250,
                0
              ],
              "e": [
                311,
                250,
                0
              ],
              "to": [
                0,
                0,
                0
              ],
              "ti": [
                0,
                0,
                0
              ]
            },
            {
              "i": {
                "x": 0.667,
                "y": 1
              },
              "o": {
                "x": 0.333,
                "y": 0
              },
              "n": "0p667_1_0p333_0",
              "t": 195,
              "s": [
                311,
                250,
                0
              ],
              "e": [
                181,
                250,
                0
              ],
              "to": [
                -21.6666660308838,
                0,
                0
              ],
              "ti": [
                21.6666660308838,
                0,
                0
              ]
            },
            {
              "t": 215
            }
          ],
          "ix": 2
        },
        "a": {
          "a": 0,
          "k": [
            360,
            640,
            0
          ],
          "ix": 1
        },
        "s": {
          "a": 1,
          "k": [
            {
              "i": {
                "x": [
                  0.667,
                  0.667,
                  0.667
                ],
                "y": [
                  1,
                  1,
                  1
                ]
              },
              "o": {
                "x": [
                  0.167,
                  0.167,
                  0.167
                ],
                "y": [
                  0.167,
                  0.167,
                  0.167
                ]
              },
              "n": [
                "0p667_1_0p167_0p167",
                "0p667_1_0p167_0p167",
                "0p667_1_0p167_0p167"
              ],
              "t": 0,
              "s": [
                0,
                0,
                0
              ],
              "e": [
                100,
                100,
                100
              ]
            },
            {
              "i": {
                "x": [
                  0.667,
                  0.667,
                  0.667
                ],
                "y": [
                  1,
                  1,
                  1
                ]
              },
              "o": {
                "x": [
                  0.167,
                  0.167,
                  0.167
                ],
                "y": [
                  0,
                  0,
                  0
                ]
              },
              "n": [
                "0p667_1_0p167_0",
                "0p667_1_0p167_0",
                "0p667_1_0p167_0"
              ],
              "t": 30,
              "s": [
                100,
                100,
                100
              ],
              "e": [
                100,
                100,
                100
              ]
            },
            {
              "i": {
                "x": [
                  0.736,
                  0.736,
                  0.736
                ],
                "y": [
                  1,
                  1,
                  1
                ]
              },
              "o": {
                "x": [
                  0.307,
                  0.307,
                  0.307
                ],
                "y": [
                  0,
                  0,
                  0
                ]
              },
              "n": [
                "0p736_1_0p307_0",
                "0p736_1_0p307_0",
                "0p736_1_0p307_0"
              ],
              "t": 45,
              "s": [
                100,
                100,
                100
              ],
              "e": [
                100,
                100,
                100
              ]
            },
            {
              "t": 195
            }
          ],
          "ix": 6
        }
      },
      "ao": 0,
      "shapes": [
        {
          "ty": "gr",
          "it": [
            {
              "ind": 0,
              "ty": "sh",
              "ix": 1,
              "ks": {
                "a": 0,
                "k": {
                  "i": [
                    [
                      0,
                      -16.609
                    ],
                    [
                      16.609,
                      0
                    ],
                    [
                      0,
                      16.609
                    ],
                    [
                      -16.61,
                      0
                    ]
                  ],
                  "o": [
                    [
                      0,
                      16.609
                    ],
                    [
                      -16.61,
                      0
                    ],
                    [
                      0,
                      -16.609
                    ],
                    [
                      16.609,
                      0
                    ]
                  ],
                  "v": [
                    [
                      30.073,
                      0
                    ],
                    [
                      0,
                      30.073
                    ],
                    [
                      -30.073,
                      0
                    ],
                    [
                      0,
                      -30.074
                    ]
                  ],
                  "c": true
                },
                "ix": 2
              },
              "nm": "Path 1",
              "mn": "ADBE Vector Shape - Group",
              "hd": false
            },
            {
              "ty": "st",
              "c": {
                "a": 0,
                "k": [
                  0.882000014361,
                  0.882000014361,
                  0.882000014361,
                  1
                ],
                "ix": 3
              },
              "o": {
                "a": 0,
                "k": 100,
                "ix": 4
              },
              "w": {
                "a": 0,
                "k": 12.46,
                "ix": 5
              },
              "lc": 3,
              "lj": 1,
              "ml": 10,
              "nm": "Stroke 1",
              "mn": "ADBE Vector Graphic - Stroke",
              "hd": false
            },
            {
              "ty": "tr",
              "p": {
                "a": 0,
                "k": [
                  206.338,
                  603.243
                ],
                "ix": 2
              },
              "a": {
                "a": 0,
                "k": [
                  0,
                  0
                ],
                "ix": 1
              },
              "s": {
                "a": 0,
                "k": [
                  100,
                  100
                ],
                "ix": 3
              },
              "r": {
                "a": 0,
                "k": 0,
                "ix": 6
              },
              "o": {
                "a": 0,
                "k": 100,
                "ix": 7
              },
              "sk": {
                "a": 0,
                "k": 0,
                "ix": 4
              },
              "sa": {
                "a": 0,
                "k": 0,
                "ix": 5
              },
              "nm": "Transform"
            }
          ],
          "nm": "Group 5",
          "np": 2,
          "cix": 2,
          "ix": 1,
          "mn": "ADBE Vector Group",
          "hd": false
        },
        {
          "ty": "gr",
          "it": [
            {
              "ind": 0,
              "ty": "sh",
              "ix": 1,
              "ks": {
                "a": 0,
                "k": {
                  "i": [
                    [
                      0,
                      0
                    ],
                    [
                      -29.348,
                      0
                    ],
                    [
                      0,
                      -29.348
                    ]
                  ],
                  "o": [
                    [
                      0,
                      -29.348
                    ],
                    [
                      29.348,
                      0
                    ],
                    [
                      0,
                      0
                    ]
                  ],
                  "v": [
                    [
                      -53.139,
                      26.569
                    ],
                    [
                      0,
                      -26.57
                    ],
                    [
                      53.139,
                      26.569
                    ]
                  ],
                  "c": false
                },
                "ix": 2
              },
              "nm": "Path 1",
              "mn": "ADBE Vector Shape - Group",
              "hd": false
            },
            {
              "ty": "st",
              "c": {
                "a": 0,
                "k": [
                  0.882000014361,
                  0.882000014361,
                  0.882000014361,
                  1
                ],
                "ix": 3
              },
              "o": {
                "a": 0,
                "k": 100,
                "ix": 4
              },
              "w": {
                "a": 0,
                "k": 12.46,
                "ix": 5
              },
              "lc": 3,
              "lj": 1,
              "ml": 10,
              "nm": "Stroke 1",
              "mn": "ADBE Vector Graphic - Stroke",
              "hd": false
            },
            {
              "ty": "tr",
              "p": {
                "a": 0,
                "k": [
                  206.045,
                  680.261
                ],
                "ix": 2
              },
              "a": {
                "a": 0,
                "k": [
                  0,
                  0
                ],
                "ix": 1
              },
              "s": {
                "a": 0,
                "k": [
                  100,
                  100
                ],
                "ix": 3
              },
              "r": {
                "a": 0,
                "k": 0,
                "ix": 6
              },
              "o": {
                "a": 0,
                "k": 100,
                "ix": 7
              },
              "sk": {
                "a": 0,
                "k": 0,
                "ix": 4
              },
              "sa": {
                "a": 0,
                "k": 0,
                "ix": 5
              },
              "nm": "Transform"
            }
          ],
          "nm": "Group 6",
          "np": 2,
          "cix": 2,
          "ix": 2,
          "mn": "ADBE Vector Group",
          "hd": false
        },
        {
          "ty": "gr",
          "it": [
            {
              "ind": 0,
              "ty": "sh",
              "ix": 1,
              "ks": {
                "a": 0,
                "k": {
                  "i": [
                    [
                      0,
                      0
                    ],
                    [
                      13.646,
                      0
                    ],
                    [
                      0,
                      0
                    ],
                    [
                      0,
                      13.646
                    ],
                    [
                      0,
                      0
                    ],
                    [
                      -13.646,
                      0
                    ],
                    [
                      0,
                      0
                    ],
                    [
                      0,
                      -13.647
                    ]
                  ],
                  "o": [
                    [
                      0,
                      13.647
                    ],
                    [
                      0,
                      0
                    ],
                    [
                      -13.646,
                      0
                    ],
                    [
                      0,
                      0
                    ],
                    [
                      0,
                      -13.647
                    ],
                    [
                      0,
                      0
                    ],
                    [
                      13.646,
                      0
                    ],
                    [
                      0,
                      0
                    ]
                  ],
                  "v": [
                    [
                      265,
                      145.693
                    ],
                    [
                      240.188,
                      170.505
                    ],
                    [
                      -240.188,
                      170.505
                    ],
                    [
                      -265,
                      145.693
                    ],
                    [
                      -265,
                      -145.692
                    ],
                    [
                      -240.188,
                      -170.504
                    ],
                    [
                      240.188,
                      -170.504
                    ],
                    [
                      265,
                      -145.692
                    ]
                  ],
                  "c": true
                },
                "ix": 2
              },
              "nm": "Path 1",
              "mn": "ADBE Vector Shape - Group",
              "hd": false
            },
            {
              "ty": "st",
              "c": {
                "a": 0,
                "k": [
                  0.882000014361,
                  0.882000014361,
                  0.882000014361,
                  1
                ],
                "ix": 3
              },
              "o": {
                "a": 0,
                "k": 100,
                "ix": 4
              },
              "w": {
                "a": 0,
                "k": 6.223,
                "ix": 5
              },
              "lc": 2,
              "lj": 1,
              "ml": 10,
              "nm": "Stroke 1",
              "mn": "ADBE Vector Graphic - Stroke",
              "hd": false
            },
            {
              "ty": "tr",
              "p": {
                "a": 0,
                "k": [
                  360,
                  640
                ],
                "ix": 2
              },
              "a": {
                "a": 0,
                "k": [
                  0,
                  0
                ],
                "ix": 1
              },
              "s": {
                "a": 0,
                "k": [
                  100,
                  100
                ],
                "ix": 3
              },
              "r": {
                "a": 0,
                "k": 0,
                "ix": 6
              },
              "o": {
                "a": 0,
                "k": 100,
                "ix": 7
              },
              "sk": {
                "a": 0,
                "k": 0,
                "ix": 4
              },
              "sa": {
                "a": 0,
                "k": 0,
                "ix": 5
              },
              "nm": "Transform"
            }
          ],
          "nm": "Group 7",
          "np": 2,
          "cix": 2,
          "ix": 3,
          "mn": "ADBE Vector Group",
          "hd": false
        }
      ],
      "ip": 0,
      "op": 300,
      "st": 0,
      "bm": 0
    }
  ],
  "markers": []
}